email,password
Lizeth_Bartell@gmail.com,rsczrsgpuqld
Murl_Borer@gmail.com,zakgmrhwnqdt
Alanna_Ratke-Mayer88@gmail.com,qnchyxpsyngb
Chauncey_Runte@gmail.com,uvknibhiknml
Keely28@zoho.com,rsczrsgpuqld
Maud.Hilpert82@zoho.com,zakgmrhwnqdt
Cleo65@zoho.com,qnchyxpsyngb
Rae.Runte57@zoho.com,uvknibhiknml
Adelia32@yahoo.com,rsczrsgpuqld
Florian.Ernser@yahoo.com,zakgmrhwnqdt
Elsa.Reynolds@yahoo.com,qnchyxpsyngb
Ana.Jenkins59@yahoo.com,uvknibhiknml
Guiseppe_Predovic25@outlook.com,rsczrsgpuqld
Lucious.Marvin55@outlook.com,zakgmrhwnqdt
Nedra_Ziemann@outlook.com,qnchyxpsyngb
Ahmad_Grimes97@outlook.com,uvknibhiknml
